user_id,timestamp,file_name,action
user2,2025-09-21 19:29:57.000069,fileA.txt,write
user2,2025-09-21 20:59:57.000100,fileB.txt,read
user3,2025-09-17 11:45:57.000113,fileB.txt,read
user4,2025-09-16 09:36:57.000124,fileA.txt,read
user2,2025-09-15 21:39:57.000134,fileB.txt,read
user2,2025-09-16 05:06:57.000145,fileC.doc,write
user2,2025-09-16 16:02:57.000154,fileC.doc,read
user3,2025-09-19 01:56:57.000164,fileC.doc,delete
user3,2025-09-15 02:32:57.000173,fileB.txt,write
user4,2025-09-20 21:49:57.000182,fileA.txt,write
user2,2025-09-19 05:32:57.000191,fileB.txt,delete
user1,2025-09-18 17:12:57.000200,fileB.txt,read
user2,2025-09-19 10:54:57.000209,fileA.txt,read
user4,2025-09-20 07:47:57.000218,fileB.txt,write
user1,2025-09-17 23:56:57.000230,fileB.txt,read
user4,2025-09-18 19:20:57.000238,fileB.txt,write
user4,2025-09-16 05:30:57.000246,fileC.doc,delete
user3,2025-09-18 19:42:57.000255,fileB.txt,read
user2,2025-09-19 09:37:57.000263,fileA.txt,write
user2,2025-09-19 14:58:57.000271,fileC.doc,write
user2,2025-09-18 04:23:57.000279,fileB.txt,read
user3,2025-09-18 09:39:57.000288,fileB.txt,write
user2,2025-09-20 14:20:57.000297,fileC.doc,delete
user2,2025-09-19 21:50:57.000307,fileB.txt,delete
user3,2025-09-15 00:06:57.000315,fileA.txt,read
user3,2025-09-20 06:27:57.000332,fileB.txt,write
user4,2025-09-16 22:05:57.000348,fileA.txt,write
user1,2025-09-17 07:18:57.000358,fileB.txt,delete
user4,2025-09-21 17:14:57.000367,fileA.txt,delete
user2,2025-09-16 12:56:57.000376,fileC.doc,write
user1,2025-09-15 07:25:57.000385,fileB.txt,delete
user1,2025-09-19 10:55:57.000394,fileA.txt,delete
user3,2025-09-18 13:37:57.000403,fileC.doc,read
user2,2025-09-17 18:56:57.000411,fileB.txt,write
user4,2025-09-15 22:56:57.000420,fileA.txt,write
user3,2025-09-15 13:02:57.000428,fileA.txt,delete
user1,2025-09-15 06:08:57.000436,fileC.doc,delete
user2,2025-09-19 15:58:57.000445,fileC.doc,write
user3,2025-09-17 21:37:57.000454,fileA.txt,write
user1,2025-09-16 14:57:57.000462,fileC.doc,delete
user1,2025-09-15 16:19:57.000470,fileC.doc,read
user1,2025-09-16 03:35:57.000479,fileC.doc,delete
user2,2025-09-20 23:51:57.000488,fileB.txt,delete
user4,2025-09-20 13:39:57.000496,fileA.txt,delete
user4,2025-09-21 10:08:57.000505,fileA.txt,write
user1,2025-09-21 06:14:57.000513,fileC.doc,write
user3,2025-09-18 12:46:57.000521,fileC.doc,read
user4,2025-09-19 07:29:57.000529,fileC.doc,read
user2,2025-09-18 15:47:57.000538,fileB.txt,read
user3,2025-09-18 11:36:57.000546,fileB.txt,read
user2,2025-09-19 20:45:57.000555,fileA.txt,write
user2,2025-09-17 19:54:57.000564,fileC.doc,write
user1,2025-09-18 12:39:57.000572,fileC.doc,delete
user4,2025-09-15 07:40:57.000581,fileB.txt,delete
user3,2025-09-19 21:59:57.000590,fileC.doc,read
user3,2025-09-19 21:30:57.000598,fileC.doc,delete
user3,2025-09-16 22:04:57.000607,fileA.txt,write
user1,2025-09-17 19:39:57.000615,fileC.doc,delete
user4,2025-09-21 15:31:57.000623,fileB.txt,delete
user1,2025-09-15 01:39:57.000631,fileA.txt,write
user1,2025-09-16 07:42:57.000639,fileC.doc,read
user1,2025-09-15 04:52:57.000648,fileB.txt,delete
user3,2025-09-17 17:14:57.000656,fileA.txt,write
user2,2025-09-20 08:22:57.000665,fileA.txt,read
user2,2025-09-19 17:38:57.000673,fileB.txt,delete
user1,2025-09-21 18:11:57.000683,fileC.doc,read
user4,2025-09-21 06:42:57.000691,fileB.txt,write
user2,2025-09-16 07:31:57.000699,fileB.txt,read
user3,2025-09-19 09:25:57.000708,fileB.txt,delete
user3,2025-09-21 05:25:57.000716,fileA.txt,delete
user3,2025-09-15 01:46:57.000725,fileA.txt,write
user3,2025-09-20 13:01:57.000733,fileB.txt,write
user3,2025-09-16 07:57:57.000742,fileC.doc,write
user2,2025-09-16 18:49:57.000750,fileC.doc,read
user3,2025-09-18 02:31:57.000758,fileA.txt,read
user2,2025-09-16 03:06:57.000766,fileA.txt,read
user3,2025-09-21 00:34:57.000775,fileC.doc,delete
user3,2025-09-19 01:09:57.000786,fileA.txt,read
user3,2025-09-14 23:43:57.000795,fileC.doc,delete
user2,2025-09-18 05:57:57.000803,fileB.txt,read
user4,2025-09-20 07:54:57.000812,fileA.txt,write
user3,2025-09-15 09:35:57.000820,fileC.doc,read
user2,2025-09-19 15:57:57.000828,fileB.txt,write
user4,2025-09-21 12:48:57.000836,fileB.txt,write
user2,2025-09-20 10:46:57.000844,fileC.doc,write
user2,2025-09-20 12:45:57.000853,fileB.txt,delete
user3,2025-09-18 22:51:57.000862,fileC.doc,delete
user3,2025-09-15 06:14:57.000870,fileA.txt,read
user4,2025-09-19 12:52:57.000878,fileA.txt,delete
user4,2025-09-17 18:38:57.000896,fileC.doc,write
user1,2025-09-17 11:12:57.000905,fileB.txt,read
user2,2025-09-16 22:02:57.000913,fileB.txt,delete
user4,2025-09-21 17:21:57.000922,fileC.doc,write
user1,2025-09-16 06:40:57.000931,fileC.doc,delete
user4,2025-09-20 16:00:57.000940,fileC.doc,read
user2,2025-09-18 23:45:57.000948,fileA.txt,delete
user2,2025-09-15 19:49:57.000957,fileA.txt,write
user1,2025-09-16 21:08:57.000966,fileB.txt,write
user1,2025-09-19 12:55:57.000974,fileB.txt,delete
user1,2025-09-17 11:41:57.000982,fileC.doc,read
user2,2025-09-17 00:05:57.000991,fileA.txt,write
user3,2025-09-18 02:04:57.000999,fileA.txt,read
user1,2025-09-19 00:40:57.001007,fileB.txt,delete
user3,2025-09-21 19:28:57.001015,fileB.txt,read
user4,2025-09-19 05:49:57.001024,fileC.doc,delete
user4,2025-09-16 13:38:57.001032,fileA.txt,delete
user1,2025-09-17 06:24:57.001040,fileB.txt,write
user2,2025-09-18 13:52:57.001049,fileB.txt,read
user3,2025-09-20 22:58:57.001057,fileB.txt,delete
user4,2025-09-20 09:33:57.001067,fileC.doc,read
user2,2025-09-16 03:50:57.001075,fileA.txt,read
user4,2025-09-18 18:08:57.001083,fileC.doc,delete
user3,2025-09-18 12:51:57.001092,fileA.txt,write
user2,2025-09-21 05:04:57.001101,fileC.doc,write
user3,2025-09-18 13:55:57.001111,fileA.txt,write
user2,2025-09-17 12:44:57.001120,fileC.doc,delete
user1,2025-09-16 07:20:57.001129,fileC.doc,read
user2,2025-09-15 19:42:57.002701,fileC.doc,write
user1,2025-09-21 19:32:57.002744,fileB.txt,read
user4,2025-09-20 09:58:57.002756,fileB.txt,write
user2,2025-09-17 23:46:57.002769,fileC.doc,write
user4,2025-09-19 17:59:57.002779,fileB.txt,read
user2,2025-09-21 00:24:57.002789,fileB.txt,delete
user3,2025-09-19 20:45:57.002798,fileC.doc,read
user3,2025-09-15 21:18:57.002809,fileA.txt,delete
user4,2025-09-16 06:22:57.002818,fileC.doc,read
user4,2025-09-21 18:18:57.002825,fileC.doc,write
user3,2025-09-20 20:17:57.002834,fileA.txt,delete
user3,2025-09-18 11:03:57.002844,fileA.txt,delete
user3,2025-09-17 12:19:57.002860,fileA.txt,read
user2,2025-09-16 10:43:57.002870,fileA.txt,delete
user2,2025-09-16 02:43:57.002879,fileC.doc,delete
user3,2025-09-19 05:10:57.002887,fileC.doc,write
user2,2025-09-18 11:25:57.002896,fileA.txt,delete
user3,2025-09-21 04:00:57.002907,fileC.doc,write
user3,2025-09-20 12:30:57.002917,fileB.txt,write
user4,2025-09-16 01:01:57.002927,fileC.doc,write
user1,2025-09-19 23:09:57.002936,fileC.doc,write
user1,2025-09-17 14:12:57.002946,fileB.txt,delete
user1,2025-09-16 13:10:57.002957,fileC.doc,delete
user1,2025-09-21 09:40:57.002967,fileC.doc,read
user4,2025-09-19 01:29:57.002977,fileC.doc,read
user1,2025-09-18 17:52:57.002987,fileB.txt,delete
user1,2025-09-16 11:00:57.002997,fileC.doc,write
user1,2025-09-16 05:45:57.003006,fileA.txt,delete
user3,2025-09-21 13:18:57.003017,fileB.txt,delete
user3,2025-09-17 23:04:57.003026,fileA.txt,delete
user3,2025-09-17 06:35:57.003035,fileC.doc,write
user2,2025-09-21 17:24:57.003044,fileC.doc,read
user4,2025-09-21 17:21:57.003055,fileC.doc,delete
user3,2025-09-17 19:24:57.003064,fileA.txt,read
user2,2025-09-17 04:16:57.003073,fileA.txt,read
user1,2025-09-20 13:28:57.003082,fileC.doc,read
user1,2025-09-18 23:21:57.003091,fileC.doc,delete
user1,2025-09-18 15:24:57.003101,fileC.doc,write
user2,2025-09-15 19:02:57.003109,fileA.txt,read
user1,2025-09-21 08:33:57.003130,fileC.doc,read
user2,2025-09-20 15:24:57.003139,fileA.txt,read
user2,2025-09-15 06:51:57.003149,fileA.txt,read
user1,2025-09-16 09:50:57.003158,fileC.doc,delete
user1,2025-09-17 04:57:57.003167,fileB.txt,read
user1,2025-09-16 14:15:57.003177,fileB.txt,delete
user3,2025-09-19 20:44:57.003186,fileC.doc,write
user3,2025-09-17 08:00:57.003195,fileA.txt,write
user3,2025-09-21 12:58:57.003205,fileB.txt,write
user1,2025-09-17 01:28:57.003214,fileC.doc,write
user3,2025-09-20 21:25:57.003222,fileB.txt,write
user3,2025-09-16 00:29:57.003232,fileB.txt,delete
user2,2025-09-19 15:10:57.003241,fileB.txt,read
user3,2025-09-19 12:00:57.003250,fileB.txt,delete
user4,2025-09-18 19:44:57.003258,fileC.doc,write
user2,2025-09-15 08:26:57.003268,fileA.txt,delete
user1,2025-09-16 17:47:57.003278,fileA.txt,delete
user3,2025-09-18 14:49:57.003290,fileA.txt,write
user3,2025-09-15 08:03:57.003300,fileB.txt,write
user1,2025-09-19 01:20:57.003309,fileB.txt,delete
user1,2025-09-19 23:33:57.003318,fileC.doc,write
user1,2025-09-15 12:26:57.003327,fileA.txt,write
user4,2025-09-17 14:20:57.003336,fileC.doc,delete
user1,2025-09-19 15:46:57.003345,fileB.txt,delete
user4,2025-09-21 14:32:57.003354,fileA.txt,write
user1,2025-09-21 07:02:57.003363,fileC.doc,read
user2,2025-09-16 10:06:57.003371,fileB.txt,write
user3,2025-09-20 14:42:57.003380,fileB.txt,delete
user1,2025-09-16 09:28:57.003388,fileA.txt,delete
user3,2025-09-21 18:05:57.003397,fileA.txt,read
user2,2025-09-17 06:31:57.003406,fileC.doc,write
user1,2025-09-17 17:27:57.003416,fileB.txt,delete
user3,2025-09-15 14:38:57.003425,fileC.doc,write
user4,2025-09-21 13:34:57.003434,fileC.doc,delete
user3,2025-09-16 05:42:57.003444,fileB.txt,write
user2,2025-09-20 16:45:57.003453,fileA.txt,read
user3,2025-09-16 12:55:57.003462,fileC.doc,delete
user3,2025-09-16 03:30:57.003471,fileA.txt,write
user3,2025-09-18 12:55:57.003481,fileA.txt,read
user2,2025-09-16 18:40:57.003490,fileA.txt,delete
user1,2025-09-20 22:02:57.003500,fileB.txt,delete
user3,2025-09-17 09:06:57.003509,fileA.txt,write
user1,2025-09-16 18:56:57.003518,fileA.txt,write
user4,2025-09-17 04:20:57.003529,fileA.txt,write
user4,2025-09-15 22:09:57.003539,fileA.txt,write
user3,2025-09-17 10:18:57.003551,fileC.doc,delete
user2,2025-09-18 07:02:57.003561,fileC.doc,read
user4,2025-09-15 06:10:57.003570,fileB.txt,delete
user1,2025-09-19 06:59:57.003579,fileC.doc,write
user3,2025-09-21 12:50:57.003588,fileC.doc,read
user3,2025-09-16 00:23:57.003598,fileC.doc,read
user2,2025-09-17 04:07:57.003609,fileA.txt,write
user2,2025-09-16 07:51:57.003618,fileA.txt,read
user2,2025-09-20 09:04:57.003628,fileA.txt,read
user1,2025-09-16 03:12:57.003637,fileC.doc,delete
user2,2025-09-16 17:13:57.003647,fileC.doc,write
user4,2025-09-17 00:41:57.003684,fileA.txt,write
user3,2025-09-16 10:12:57.003705,fileA.txt,delete
user4,2025-09-16 08:34:57.003715,fileB.txt,write
user3,2025-09-17 11:37:57.003724,fileA.txt,read
user3,2025-09-20 09:55:57.003733,fileB.txt,write
user1,2025-09-17 12:44:57.003746,fileB.txt,read
user1,2025-09-20 02:40:57.003763,fileA.txt,write
user3,2025-09-15 02:03:57.003771,fileB.txt,delete
user4,2025-09-21 04:58:57.003781,fileA.txt,delete
user4,2025-09-21 07:05:57.003791,fileB.txt,delete
user3,2025-09-21 12:37:57.003798,fileA.txt,read
user3,2025-09-18 20:57:57.003805,fileB.txt,read
user3,2025-09-20 04:18:57.003813,fileA.txt,delete
user4,2025-09-17 19:25:57.003822,fileA.txt,read
user2,2025-09-15 22:24:57.003829,fileA.txt,write
user4,2025-09-15 09:57:57.003837,fileB.txt,write
user1,2025-09-15 21:45:57.003844,fileB.txt,read
user4,2025-09-21 08:07:57.003851,fileA.txt,read
user1,2025-09-20 09:37:57.003858,fileB.txt,delete
user4,2025-09-20 18:24:57.003866,fileB.txt,read
user1,2025-09-15 16:11:57.003873,fileB.txt,read
user3,2025-09-17 08:08:57.003886,fileA.txt,write
user2,2025-09-19 15:04:57.003894,fileC.doc,read
user2,2025-09-15 17:14:57.003902,fileA.txt,read
user3,2025-09-20 13:58:57.003910,fileA.txt,write
user4,2025-09-15 01:21:57.003917,fileA.txt,write
user1,2025-09-21 18:15:57.003926,fileA.txt,write
user1,2025-09-18 02:30:57.003934,fileB.txt,delete
user2,2025-09-20 12:51:57.003942,fileB.txt,write
user2,2025-09-18 09:39:57.003951,fileC.doc,write
user2,2025-09-16 11:06:57.003960,fileC.doc,delete
user1,2025-09-20 13:15:57.003968,fileB.txt,read
user3,2025-09-15 14:05:57.003975,fileA.txt,read
user1,2025-09-19 23:40:57.003983,fileC.doc,write
user1,2025-09-21 14:16:57.003991,fileB.txt,write
user1,2025-09-20 03:27:57.004000,fileC.doc,write
user1,2025-09-18 04:50:57.004010,fileB.txt,write
user4,2025-09-16 06:26:57.004018,fileC.doc,delete
user1,2025-09-21 21:15:57.004028,fileA.txt,write
user4,2025-09-20 03:46:57.004037,fileB.txt,write
user3,2025-09-21 15:04:57.004045,fileA.txt,write
user1,2025-09-15 22:36:57.004053,fileB.txt,write
user3,2025-09-20 00:26:57.004060,fileB.txt,read
user4,2025-09-18 13:34:57.004067,fileC.doc,write
user4,2025-09-18 12:46:57.004075,fileC.doc,delete
user3,2025-09-20 23:39:57.004084,fileC.doc,delete
user3,2025-09-20 08:27:57.004104,fileC.doc,read
user4,2025-09-21 15:48:57.004113,fileA.txt,read
user1,2025-09-19 17:47:57.004122,fileC.doc,read
user3,2025-09-18 03:09:57.004130,fileA.txt,write
user1,2025-09-16 08:36:57.004138,fileB.txt,read
user4,2025-09-17 03:57:57.004146,fileC.doc,write
user4,2025-09-20 22:09:57.004154,fileC.doc,read
user3,2025-09-21 00:43:57.004161,fileA.txt,delete
user1,2025-09-20 10:19:57.004169,fileC.doc,read
user4,2025-09-15 18:33:57.004177,fileC.doc,delete
user1,2025-09-15 06:50:57.004190,fileC.doc,read
user3,2025-09-17 04:49:57.004210,fileC.doc,write
user1,2025-09-16 03:11:57.004219,fileA.txt,delete
user4,2025-09-19 15:37:57.004228,fileB.txt,delete
user4,2025-09-21 13:45:57.004236,fileA.txt,delete
user3,2025-09-19 03:33:57.004244,fileA.txt,write
user2,2025-09-15 11:05:57.004259,fileB.txt,delete
user4,2025-09-18 12:12:57.004273,fileC.doc,read
user1,2025-09-15 08:46:57.004289,fileA.txt,write
user3,2025-09-17 02:02:57.004297,fileA.txt,read
user2,2025-09-16 06:58:57.004305,fileC.doc,read
user2,2025-09-18 22:57:57.004313,fileC.doc,read
user2,2025-09-19 13:10:57.004320,fileB.txt,read
user2,2025-09-21 04:57:57.004327,fileA.txt,write
user2,2025-09-16 20:47:57.004335,fileB.txt,delete
user2,2025-09-20 18:18:57.004343,fileC.doc,delete
user2,2025-09-19 21:21:57.004351,fileC.doc,delete
user2,2025-09-15 02:51:57.004358,fileC.doc,write
user4,2025-09-17 01:47:57.004367,fileB.txt,read
user2,2025-09-21 06:24:57.004374,fileA.txt,delete
user3,2025-09-17 22:34:57.004382,fileC.doc,delete
user1,2025-09-15 12:49:57.004390,fileA.txt,read
user3,2025-09-17 12:27:57.004397,fileA.txt,write
user2,2025-09-18 22:46:57.004405,fileC.doc,read
user4,2025-09-18 00:30:57.004413,fileB.txt,delete
user4,2025-09-16 13:36:57.004421,fileA.txt,write
user1,2025-09-15 22:47:57.004429,fileC.doc,delete
user1,2025-09-16 05:03:57.004437,fileA.txt,write
user4,2025-09-17 13:21:57.004445,fileC.doc,delete
user1,2025-09-17 07:54:57.004452,fileB.txt,delete
user2,2025-09-17 03:30:57.004461,fileA.txt,delete
user4,2025-09-15 06:44:57.004468,fileC.doc,read
user2,2025-09-18 02:51:57.004486,fileA.txt,delete
user4,2025-09-20 20:13:57.004500,fileB.txt,read
user4,2025-09-21 21:16:57.004508,fileC.doc,delete
user4,2025-09-15 16:03:57.004516,fileC.doc,read
user4,2025-09-18 11:33:57.004524,fileC.doc,write
user1,2025-09-18 17:55:57.004532,fileC.doc,delete
user2,2025-09-15 16:10:57.004540,fileB.txt,delete
user1,2025-09-18 22:48:57.004548,fileC.doc,write
user2,2025-09-15 15:31:57.004555,fileC.doc,read
user1,2025-09-17 06:04:57.004566,fileC.doc,write
user3,2025-09-21 11:56:57.004573,fileA.txt,read
user4,2025-09-15 20:57:57.004581,fileA.txt,delete
user2,2025-09-21 14:58:57.004589,fileB.txt,write
user1,2025-09-20 19:19:57.004597,fileA.txt,read
user1,2025-09-15 20:53:57.004604,fileB.txt,read
user4,2025-09-21 00:18:57.004612,fileC.doc,read
user4,2025-09-16 16:26:57.004620,fileA.txt,delete
user4,2025-09-16 16:42:57.004627,fileA.txt,delete
user3,2025-09-21 00:07:57.004635,fileA.txt,delete
user2,2025-09-16 11:56:57.004643,fileA.txt,delete
user2,2025-09-20 18:02:57.004651,fileA.txt,read
user3,2025-09-15 06:06:57.004659,fileB.txt,read
user1,2025-09-17 14:19:57.004666,fileC.doc,write
user4,2025-09-19 06:35:57.004671,fileA.txt,read
user2,2025-09-20 09:29:57.004677,fileB.txt,write
user3,2025-09-16 13:23:57.004682,fileC.doc,read
user4,2025-09-21 06:09:57.004688,fileC.doc,write
user1,2025-09-20 23:23:57.004694,fileA.txt,write
user4,2025-09-15 18:21:57.004699,fileC.doc,read
user1,2025-09-18 05:50:57.004705,fileB.txt,write
user1,2025-09-20 10:01:57.004710,fileC.doc,read
user1,2025-09-19 02:13:57.004716,fileC.doc,read
user4,2025-09-15 23:32:57.004722,fileC.doc,read
user1,2025-09-18 23:37:57.004727,fileA.txt,read
user2,2025-09-19 19:07:57.004733,fileC.doc,write
user3,2025-09-20 20:48:57.004738,fileB.txt,delete
user1,2025-09-21 09:21:57.004744,fileA.txt,read
user3,2025-09-20 12:47:57.004749,fileB.txt,write
user2,2025-09-18 23:59:57.004755,fileB.txt,read
user3,2025-09-16 14:20:57.004760,fileA.txt,delete
user1,2025-09-18 11:54:57.004766,fileA.txt,write
user2,2025-09-17 04:52:57.004771,fileA.txt,read
user2,2025-09-17 05:08:57.004777,fileB.txt,delete
user1,2025-09-18 13:22:57.004782,fileA.txt,delete
user2,2025-09-17 10:23:57.004788,fileA.txt,read
user3,2025-09-21 16:08:57.004793,fileC.doc,read
user4,2025-09-18 23:16:57.004799,fileA.txt,delete
user3,2025-09-18 00:55:57.004805,fileB.txt,write
user1,2025-09-18 19:06:57.004810,fileA.txt,delete
user4,2025-09-18 18:41:57.004816,fileC.doc,write
user4,2025-09-18 07:12:57.004822,fileC.doc,delete
user4,2025-09-21 18:17:57.004827,fileB.txt,read
user3,2025-09-17 07:35:57.004833,fileC.doc,read
user3,2025-09-17 01:08:57.004841,fileB.txt,write
user1,2025-09-16 01:40:57.004846,fileA.txt,read
user4,2025-09-15 12:56:57.004852,fileC.doc,write
user4,2025-09-20 05:27:57.004858,fileC.doc,write
user2,2025-09-21 18:21:57.004864,fileC.doc,delete
user3,2025-09-21 09:26:57.004870,fileB.txt,read
user1,2025-09-20 15:53:57.004875,fileB.txt,read
user1,2025-09-16 21:29:57.004881,fileC.doc,read
user2,2025-09-20 00:02:57.004886,fileA.txt,write
user3,2025-09-19 20:30:57.004893,fileB.txt,delete
user2,2025-09-20 22:36:57.004899,fileC.doc,read
user2,2025-09-15 22:06:57.004905,fileA.txt,delete
user1,2025-09-18 14:45:57.004911,fileA.txt,delete
user3,2025-09-16 09:02:57.004917,fileA.txt,write
user2,2025-09-18 17:04:57.004922,fileB.txt,read
user1,2025-09-15 07:07:57.004928,fileA.txt,write
user2,2025-09-17 14:55:57.004933,fileC.doc,write
user2,2025-09-20 05:47:57.004939,fileC.doc,delete
user3,2025-09-17 09:15:57.004944,fileB.txt,read
user1,2025-09-21 13:04:57.004950,fileB.txt,read
user4,2025-09-16 08:22:57.004956,fileA.txt,read
user2,2025-09-21 01:29:57.004962,fileB.txt,delete
user4,2025-09-18 19:07:57.004968,fileC.doc,delete
user1,2025-09-15 19:27:57.004973,fileC.doc,delete
user1,2025-09-21 04:18:57.004979,fileB.txt,delete
user2,2025-09-16 21:33:57.004985,fileB.txt,write
user2,2025-09-16 13:09:57.004991,fileC.doc,write
user2,2025-09-15 06:15:57.004996,fileA.txt,write
user4,2025-09-21 00:04:57.005002,fileB.txt,delete
user2,2025-09-15 03:06:57.005008,fileA.txt,read
user2,2025-09-19 16:43:57.005013,fileC.doc,write
user4,2025-09-15 16:46:57.005019,fileB.txt,write
user1,2025-09-21 17:50:57.005024,fileA.txt,write
user2,2025-09-16 08:35:57.005031,fileB.txt,delete
user4,2025-09-21 05:29:57.005052,fileB.txt,read
user2,2025-09-17 20:11:57.005068,fileC.doc,write
user3,2025-09-15 08:45:57.005076,fileA.txt,delete
user3,2025-09-18 13:49:57.005085,fileB.txt,write
user4,2025-09-18 00:30:57.005093,fileB.txt,delete
user4,2025-09-19 09:08:57.005101,fileB.txt,read
user2,2025-09-20 13:24:57.005113,fileA.txt,delete
user2,2025-09-19 18:45:57.005127,fileC.doc,write
user3,2025-09-18 08:15:57.005179,fileA.txt,delete
user4,2025-09-16 16:03:57.005193,fileB.txt,write
user2,2025-09-16 21:06:57.005208,fileC.doc,delete
user1,2025-09-21 20:07:57.005223,fileB.txt,delete
user2,2025-09-19 15:00:57.005241,fileA.txt,read
user2,2025-09-18 17:50:57.005255,fileB.txt,delete
user3,2025-09-16 12:01:57.005272,fileC.doc,write
user4,2025-09-21 04:21:57.005287,fileA.txt,read
user2,2025-09-21 12:42:57.005300,fileC.doc,write
user4,2025-09-17 22:53:57.005319,fileA.txt,write
user4,2025-09-17 20:39:57.005333,fileC.doc,delete
user1,2025-09-15 01:20:57.005348,fileA.txt,write
user2,2025-09-16 15:20:57.005362,fileC.doc,read
user4,2025-09-20 07:29:57.005377,fileC.doc,write
user4,2025-09-19 16:14:57.005391,fileB.txt,delete
user1,2025-09-15 10:05:57.005406,fileA.txt,delete
user2,2025-09-21 09:06:57.005422,fileC.doc,write
user3,2025-09-19 11:19:57.005435,fileB.txt,delete
user2,2025-09-15 07:20:57.005449,fileA.txt,read
user2,2025-09-15 06:07:57.005463,fileA.txt,delete
user4,2025-09-15 15:01:57.005476,fileA.txt,write
user1,2025-09-20 13:46:57.005489,fileC.doc,read
user1,2025-09-18 18:32:57.005502,fileB.txt,read
user1,2025-09-19 03:19:57.005516,fileC.doc,delete
user4,2025-09-18 22:23:57.005529,fileA.txt,delete
user2,2025-09-16 22:19:57.005542,fileC.doc,write
user4,2025-09-19 09:30:57.005559,fileC.doc,delete
user1,2025-09-15 10:20:57.005572,fileC.doc,read
user1,2025-09-19 11:11:57.005585,fileA.txt,read
user4,2025-09-19 20:41:57.005599,fileA.txt,delete
user1,2025-09-16 07:41:57.005613,fileA.txt,delete
user1,2025-09-21 17:52:57.005625,fileB.txt,read
user1,2025-09-21 08:49:57.005637,fileA.txt,delete
user1,2025-09-17 05:58:57.005649,fileB.txt,read
user1,2025-09-21 02:17:57.005670,fileA.txt,delete
user3,2025-09-20 21:58:57.005680,fileB.txt,delete
user4,2025-09-20 08:21:57.005692,fileC.doc,delete
user2,2025-09-18 07:25:57.005704,fileC.doc,read
user1,2025-09-18 22:50:57.005717,fileC.doc,write
user2,2025-09-20 09:59:57.005729,fileA.txt,delete
user4,2025-09-20 03:50:57.005741,fileA.txt,read
user4,2025-09-16 18:49:57.005751,fileA.txt,write
user2,2025-09-17 09:44:57.005763,fileB.txt,read
user1,2025-09-15 18:17:57.005776,fileB.txt,write
user1,2025-09-20 09:36:57.005786,fileA.txt,read
user4,2025-09-20 22:28:57.005796,fileA.txt,read
user2,2025-09-19 11:48:57.005806,fileA.txt,delete
user1,2025-09-15 08:20:57.005817,fileA.txt,write
user4,2025-09-19 00:29:57.005829,fileA.txt,write
user1,2025-09-16 20:04:57.005841,fileA.txt,write
user3,2025-09-17 02:23:57.005852,fileC.doc,read
user2,2025-09-19 14:33:57.005860,fileA.txt,read
user1,2025-09-17 02:50:57.005870,fileC.doc,read
user2,2025-09-18 20:28:57.005878,fileC.doc,read
user3,2025-09-16 02:25:57.005886,fileA.txt,read
user3,2025-09-17 21:18:57.005895,fileA.txt,write
user3,2025-09-19 22:32:57.005905,fileB.txt,delete
user3,2025-09-20 13:17:57.005914,fileB.txt,read
user2,2025-09-15 02:37:57.005922,fileB.txt,delete
user3,2025-09-21 10:47:57.005930,fileC.doc,write
user1,2025-09-15 03:13:57.005941,fileA.txt,read
user3,2025-09-19 08:19:57.005953,fileC.doc,read
user3,2025-09-19 06:45:57.005969,fileA.txt,delete
user2,2025-09-18 05:22:57.005980,fileA.txt,delete
user4,2025-09-19 02:52:57.005991,fileC.doc,read
user2,2025-09-21 20:07:57.006002,fileC.doc,write
user4,2025-09-20 04:50:57.006013,fileC.doc,delete
user3,2025-09-17 19:48:57.006023,fileB.txt,delete
user2,2025-09-16 16:19:57.006034,fileB.txt,delete
user3,2025-09-19 07:30:57.006045,fileC.doc,delete
user2,2025-09-21 03:48:57.006056,fileB.txt,write
user4,2025-09-16 06:27:57.006065,fileB.txt,write
user2,2025-09-21 17:09:57.006075,fileA.txt,read
user3,2025-09-16 19:22:57.006086,fileA.txt,delete
user2,2025-09-19 18:04:57.006096,fileA.txt,delete
user1,2025-09-19 07:15:57.006106,fileC.doc,delete
user1,2025-09-21 12:08:57.006116,fileC.doc,read
user4,2025-09-21 14:33:57.006126,fileB.txt,read
user2,2025-09-16 16:04:57.006136,fileA.txt,read
user2,2025-09-15 08:24:57.006146,fileC.doc,write
user4,2025-09-19 01:52:57.006156,fileC.doc,read
user3,2025-09-19 23:49:57.006165,fileA.txt,write
user4,2025-09-18 13:11:57.006175,fileB.txt,delete
user2,2025-09-15 05:59:57.006184,fileB.txt,read
user1,2025-09-15 01:19:57.006195,fileB.txt,write
user4,2025-09-19 14:37:57.006205,fileA.txt,read
user1,2025-09-19 23:14:57.006215,fileC.doc,write
user1,2025-09-19 18:17:57.006224,fileA.txt,write
user4,2025-09-17 12:00:57.006234,fileA.txt,read
user4,2025-09-17 23:43:57.006244,fileA.txt,read
user2,2025-09-16 03:03:57.006254,fileA.txt,delete
user4,2025-09-19 21:40:57.006263,fileA.txt,delete
user3,2025-09-16 11:52:57.006272,fileC.doc,read
user3,2025-09-16 23:06:57.006282,fileC.doc,write
user2,2025-09-20 22:27:57.006291,fileA.txt,write
user4,2025-09-18 14:53:57.006302,fileB.txt,read
user1,2025-09-17 13:49:57.006311,fileA.txt,write
user3,2025-09-19 08:01:57.006320,fileA.txt,read
user4,2025-09-21 20:47:57.006329,fileC.doc,write
user1,2025-09-15 10:15:57.006339,fileB.txt,read
user2,2025-09-16 16:35:57.006348,fileB.txt,write
user1,2025-09-18 00:26:57.006357,fileA.txt,delete
user3,2025-09-20 09:09:57.006366,fileA.txt,write
user3,2025-09-16 02:03:57.006379,fileA.txt,write
user4,2025-09-19 14:38:57.006390,fileB.txt,write
user2,2025-09-18 03:26:57.006399,fileA.txt,write
user4,2025-09-15 05:40:57.006408,fileA.txt,write
user1,2025-09-17 05:07:57.006419,fileA.txt,read
user4,2025-09-15 06:12:57.006432,fileA.txt,read
user2,2025-09-15 04:42:57.006441,fileA.txt,delete
user1,2025-09-16 10:58:57.006449,fileC.doc,read
user1,2025-09-15 15:18:57.006457,fileB.txt,read
user2,2025-09-15 03:43:57.006465,fileB.txt,write
user4,2025-09-17 18:19:57.006474,fileC.doc,read
user3,2025-09-15 03:49:57.006483,fileA.txt,read
user2,2025-09-17 14:08:57.006492,fileB.txt,delete
user2,2025-09-17 11:15:57.006501,fileB.txt,read
user3,2025-09-18 01:55:57.006509,fileC.doc,delete
user1,2025-09-16 18:45:57.006518,fileA.txt,read
user3,2025-09-18 03:03:57.006527,fileA.txt,delete
user4,2025-09-20 11:25:57.006536,fileB.txt,write
user1,2025-09-18 04:41:57.006544,fileA.txt,write
user3,2025-09-19 01:59:57.006553,fileA.txt,write
user4,2025-09-16 08:29:57.006561,fileB.txt,delete
user4,2025-09-20 20:37:57.006569,fileC.doc,delete
user2,2025-09-21 21:22:57.006578,fileA.txt,delete
user1,2025-09-17 15:19:57.006590,fileA.txt,read
user2,2025-09-17 23:58:57.006598,fileB.txt,delete
user4,2025-09-21 16:35:57.006607,fileA.txt,read
user3,2025-09-20 14:09:57.006615,fileC.doc,write
user2,2025-09-18 13:00:57.006624,fileA.txt,read
user3,2025-09-19 19:53:57.006632,fileA.txt,delete
user2,2025-09-18 00:31:57.006641,fileC.doc,write
user2,2025-09-16 20:19:57.006649,fileC.doc,delete
user4,2025-09-18 03:26:57.006658,fileB.txt,read
user1,2025-09-18 21:19:57.006667,fileC.doc,read
user2,2025-09-17 08:16:57.006676,fileC.doc,write
user1,2025-09-17 02:03:57.006684,fileB.txt,read
user1,2025-09-21 05:16:57.006692,fileB.txt,write
user2,2025-09-21 21:13:57.006701,fileC.doc,read
user1,2025-09-18 20:49:57.006709,fileB.txt,write
user4,2025-09-15 19:55:57.006717,fileA.txt,read
user2,2025-09-20 19:21:57.006726,fileC.doc,write
user4,2025-09-17 22:59:57.006735,fileC.doc,read
user3,2025-09-19 19:20:57.006743,fileB.txt,write
user3,2025-09-15 18:14:57.006752,fileC.doc,read
user1,2025-09-20 20:15:57.006761,fileB.txt,delete
user4,2025-09-18 18:48:57.006770,fileA.txt,delete
user2,2025-09-18 07:14:57.006778,fileA.txt,read
user3,2025-09-21 17:43:57.006787,fileA.txt,read
user4,2025-09-18 01:24:57.006795,fileB.txt,read
user4,2025-09-19 07:17:57.006810,fileC.doc,write
user1,2025-09-16 04:46:57.006819,fileA.txt,delete
user4,2025-09-19 20:56:57.006827,fileB.txt,write
user4,2025-09-17 17:01:57.006837,fileB.txt,read
user4,2025-09-18 23:05:57.006845,fileA.txt,write
user3,2025-09-19 03:42:57.006854,fileC.doc,write
user4,2025-09-16 04:16:57.006863,fileC.doc,write
user4,2025-09-16 01:44:57.006872,fileB.txt,write
user1,2025-09-16 21:28:57.006881,fileC.doc,read
user3,2025-09-15 07:04:57.006890,fileB.txt,read
user1,2025-09-15 14:57:57.006898,fileC.doc,read
user1,2025-09-20 12:09:57.006906,fileC.doc,write
user4,2025-09-21 01:49:57.006915,fileB.txt,read
user2,2025-09-16 21:36:57.006924,fileA.txt,delete
user3,2025-09-16 11:31:57.006933,fileB.txt,read
user3,2025-09-15 08:36:57.006941,fileA.txt,read
user1,2025-09-16 23:39:57.006949,fileB.txt,read
user3,2025-09-21 22:03:57.006958,fileA.txt,read
user3,2025-09-19 05:19:57.006967,fileA.txt,write
user4,2025-09-20 06:25:57.006976,fileC.doc,read
user3,2025-09-19 15:27:57.006984,fileB.txt,delete
user2,2025-09-20 21:48:57.006992,fileB.txt,write
user1,2025-09-16 11:33:57.007000,fileA.txt,delete
user1,2025-09-18 09:49:57.007009,fileC.doc,write
user3,2025-09-16 03:21:57.007017,fileB.txt,write
user4,2025-09-21 02:01:57.007026,fileB.txt,delete
user3,2025-09-16 08:13:57.007034,fileA.txt,write
user3,2025-09-15 02:48:57.007043,fileA.txt,write
user3,2025-09-16 10:48:57.007051,fileB.txt,delete
user3,2025-09-15 19:29:57.007060,fileA.txt,read
user1,2025-09-18 01:52:57.007070,fileA.txt,read
user4,2025-09-19 04:18:57.007083,fileB.txt,write
user3,2025-09-15 18:55:57.007092,fileB.txt,write
user4,2025-09-15 19:44:57.007101,fileA.txt,write
user4,2025-09-21 00:19:57.007110,fileC.doc,write
user3,2025-09-19 07:27:57.007118,fileB.txt,delete
user3,2025-09-17 07:00:57.007128,fileA.txt,delete
user3,2025-09-18 12:33:57.007136,fileC.doc,write
user1,2025-09-15 05:39:57.007145,fileB.txt,read
user1,2025-09-20 13:29:57.007153,fileA.txt,read
user4,2025-09-17 22:34:57.007162,fileC.doc,read
user3,2025-09-17 05:21:57.007170,fileB.txt,write
user4,2025-09-19 16:45:57.007178,fileC.doc,write
user1,2025-09-15 06:39:57.007187,fileA.txt,read
user1,2025-09-20 08:05:57.007195,fileA.txt,delete
user4,2025-09-17 20:09:57.007204,fileA.txt,read
user3,2025-09-21 13:42:57.007212,fileA.txt,write
user2,2025-09-18 05:51:57.007224,fileA.txt,write
user2,2025-09-20 18:50:57.007233,fileB.txt,delete
user1,2025-09-21 01:46:57.007242,fileB.txt,delete
user4,2025-09-15 10:25:57.007251,fileA.txt,delete
user4,2025-09-17 03:54:57.007259,fileB.txt,delete
user2,2025-09-17 01:07:57.007269,fileB.txt,read
user3,2025-09-17 20:38:57.007277,fileA.txt,delete
user3,2025-09-20 15:25:57.007289,fileC.doc,write
user3,2025-09-17 13:41:57.007298,fileB.txt,read
user3,2025-09-16 09:45:57.007307,fileA.txt,read
user4,2025-09-18 18:24:57.007315,fileB.txt,write
user2,2025-09-19 22:47:57.007324,fileC.doc,write
user1,2025-09-16 17:26:57.007332,fileC.doc,write
user1,2025-09-20 17:46:57.007341,fileA.txt,delete
user2,2025-09-19 21:23:57.007350,fileB.txt,write
user3,2025-09-15 02:42:57.007358,fileC.doc,write
user1,2025-09-15 17:04:57.007372,fileB.txt,read
user1,2025-09-21 04:51:57.007380,fileC.doc,read
user3,2025-09-14 23:48:57.007389,fileC.doc,read
user3,2025-09-21 22:21:57.007398,fileC.doc,delete
user4,2025-09-20 13:51:57.007407,fileB.txt,delete
user1,2025-09-19 09:59:57.007415,fileB.txt,delete
user1,2025-09-19 07:37:57.007424,fileA.txt,write
user3,2025-09-20 06:24:57.007432,fileB.txt,read
user4,2025-09-16 19:45:57.007441,fileA.txt,write
user2,2025-09-19 15:47:57.007450,fileA.txt,write
user1,2025-09-20 08:12:57.007459,fileA.txt,write
user1,2025-09-17 11:33:57.007467,fileC.doc,delete
user4,2025-09-18 09:48:57.007476,fileB.txt,read
user1,2025-09-20 14:40:57.007484,fileB.txt,delete
user1,2025-09-16 14:25:57.007492,fileC.doc,read
user2,2025-09-16 05:30:57.007501,fileB.txt,write
user4,2025-09-21 06:44:57.007510,fileB.txt,read
user2,2025-09-16 09:07:57.007519,fileA.txt,delete
user4,2025-09-17 12:40:57.007528,fileB.txt,read
user2,2025-09-18 02:37:57.007536,fileA.txt,delete
user1,2025-09-16 06:14:57.007545,fileB.txt,read
user1,2025-09-16 16:30:57.007554,fileA.txt,write
user1,2025-09-16 18:48:57.007562,fileC.doc,write
user4,2025-09-16 20:30:57.007571,fileA.txt,read
user2,2025-09-15 21:35:57.007579,fileB.txt,delete
user2,2025-09-16 15:24:57.007588,fileA.txt,read
user2,2025-09-18 19:17:57.007597,fileC.doc,write
user2,2025-09-19 14:42:57.007606,fileB.txt,read
user4,2025-09-16 05:01:57.007614,fileB.txt,delete
user4,2025-09-17 06:04:57.007622,fileA.txt,delete
user4,2025-09-16 16:50:57.007631,fileB.txt,delete
user3,2025-09-19 14:04:57.007640,fileB.txt,write
user3,2025-09-16 05:57:57.007654,fileC.doc,delete
user2,2025-09-16 01:14:57.007663,fileB.txt,delete
user2,2025-09-16 18:17:57.007680,fileC.doc,delete
user4,2025-09-19 15:43:57.007689,fileA.txt,read
user1,2025-09-21 00:16:57.007697,fileA.txt,write
user1,2025-09-18 03:48:57.007706,fileB.txt,delete
user1,2025-09-15 13:21:57.007714,fileC.doc,write
user1,2025-09-17 18:32:57.007723,fileC.doc,delete
user3,2025-09-18 23:30:57.007732,fileB.txt,write
user3,2025-09-21 19:38:57.007740,fileC.doc,write
user2,2025-09-18 19:15:57.007749,fileA.txt,write
user4,2025-09-17 17:22:57.007758,fileB.txt,delete
user1,2025-09-21 00:00:57.007766,fileA.txt,write
user1,2025-09-18 16:20:57.007775,fileB.txt,write
user2,2025-09-17 16:35:57.007784,fileC.doc,delete
user2,2025-09-16 00:05:57.007792,fileB.txt,read
user1,2025-09-16 01:46:57.007801,fileC.doc,write
user1,2025-09-20 07:22:57.007809,fileB.txt,write
user2,2025-09-18 01:32:57.007818,fileC.doc,read
user4,2025-09-19 06:09:57.007827,fileC.doc,delete
user1,2025-09-19 01:55:57.007836,fileB.txt,write
user2,2025-09-18 17:55:57.007845,fileC.doc,delete
user1,2025-09-16 16:21:57.007859,fileB.txt,read
user4,2025-09-15 15:41:57.007868,fileA.txt,write
user4,2025-09-19 20:20:57.007877,fileA.txt,delete
user3,2025-09-15 16:10:57.007886,fileA.txt,delete
user4,2025-09-16 22:12:57.007894,fileC.doc,delete
user3,2025-09-17 04:36:57.007903,fileA.txt,delete
user3,2025-09-17 10:27:57.007911,fileC.doc,write
user2,2025-09-20 22:05:57.007920,fileC.doc,read
user1,2025-09-17 13:39:57.007928,fileB.txt,delete
user2,2025-09-18 01:01:57.007938,fileB.txt,read
user4,2025-09-20 19:37:57.007953,fileB.txt,write
user4,2025-09-16 22:28:57.007962,fileA.txt,write
user1,2025-09-18 04:20:57.007971,fileB.txt,delete
user3,2025-09-16 01:31:57.007979,fileC.doc,delete
user1,2025-09-18 05:49:57.007988,fileA.txt,read
user1,2025-09-15 07:48:57.007996,fileC.doc,write
user3,2025-09-21 21:35:57.008005,fileA.txt,delete
user3,2025-09-16 03:21:57.008013,fileC.doc,write
user1,2025-09-19 17:59:57.008023,fileC.doc,delete
user2,2025-09-17 23:10:57.008032,fileA.txt,write
user4,2025-09-18 02:23:57.008040,fileB.txt,write
user4,2025-09-20 04:12:57.008049,fileC.doc,write
user4,2025-09-16 15:47:57.008058,fileB.txt,write
user1,2025-09-16 18:11:57.008067,fileB.txt,write
user4,2025-09-18 23:38:57.008075,fileA.txt,delete
user4,2025-09-17 06:04:57.008083,fileB.txt,write
user2,2025-09-21 14:57:57.008093,fileA.txt,write
user1,2025-09-17 00:13:57.008101,fileA.txt,delete
user1,2025-09-21 01:54:57.008110,fileA.txt,write
user1,2025-09-19 17:12:57.008119,fileC.doc,write
user1,2025-09-20 19:34:57.008128,fileC.doc,read
user2,2025-09-16 09:59:57.008137,fileC.doc,write
user4,2025-09-15 03:49:57.008146,fileA.txt,delete
user2,2025-09-16 09:13:57.008155,fileA.txt,delete
user4,2025-09-16 11:50:57.008164,fileA.txt,write
user1,2025-09-20 12:44:57.008172,fileA.txt,delete
user1,2025-09-15 21:36:57.008183,fileC.doc,delete
user4,2025-09-17 11:06:57.008191,fileC.doc,write
user3,2025-09-19 17:57:57.008200,fileC.doc,write
user3,2025-09-19 06:44:57.008214,fileA.txt,write
user1,2025-09-18 00:03:57.008223,fileB.txt,read
user1,2025-09-15 09:28:57.008235,fileB.txt,read
user1,2025-09-20 20:27:57.008244,fileB.txt,read
user3,2025-09-18 19:12:57.008252,fileC.doc,write
user3,2025-09-18 17:08:57.008261,fileA.txt,delete
user4,2025-09-20 03:27:57.008269,fileA.txt,read
user4,2025-09-19 00:52:57.008278,fileB.txt,delete
user1,2025-09-18 19:36:57.008286,fileB.txt,delete
user2,2025-09-15 15:51:57.008296,fileB.txt,write
user1,2025-09-19 12:20:57.008304,fileB.txt,delete
user1,2025-09-15 00:52:57.008312,fileB.txt,write
user3,2025-09-18 01:02:57.008321,fileB.txt,delete
user3,2025-09-21 17:17:57.008330,fileC.doc,write
user4,2025-09-20 17:47:57.008338,fileA.txt,read
user1,2025-09-16 12:35:57.008347,fileB.txt,write
user2,2025-09-21 09:41:57.008357,fileC.doc,read
user1,2025-09-19 18:00:57.008366,fileA.txt,delete
user2,2025-09-21 04:56:57.008375,fileB.txt,read
user2,2025-09-20 18:12:57.008383,fileB.txt,delete
user1,2025-09-21 01:14:57.008392,fileC.doc,delete
user1,2025-09-15 03:53:57.008400,fileB.txt,delete
user1,2025-09-15 19:38:57.008408,fileB.txt,delete
user1,2025-09-21 13:40:57.008417,fileC.doc,read
user2,2025-09-15 16:26:57.008430,fileC.doc,delete
user3,2025-09-15 04:05:57.008438,fileA.txt,write
user1,2025-09-20 23:15:57.008446,fileB.txt,read
user2,2025-09-18 13:41:57.008455,fileB.txt,write
user2,2025-09-16 14:21:57.008463,fileB.txt,delete
user1,2025-09-21 07:50:57.008471,fileA.txt,write
user2,2025-09-17 18:27:57.008479,fileB.txt,write
user4,2025-09-16 14:06:57.008488,fileA.txt,read
user2,2025-09-20 03:27:57.008497,fileC.doc,delete
user1,2025-09-21 11:06:57.008505,fileC.doc,read
user2,2025-09-19 20:13:57.008518,fileA.txt,read
user4,2025-09-20 08:48:57.008527,fileC.doc,delete
user3,2025-09-18 22:34:57.008535,fileC.doc,delete
user3,2025-09-15 11:26:57.008544,fileB.txt,write
user3,2025-09-16 12:12:57.008552,fileA.txt,read
user3,2025-09-19 00:53:57.008561,fileB.txt,delete
user2,2025-09-15 16:05:57.008569,fileB.txt,write
user1,2025-09-18 09:56:57.008578,fileB.txt,delete
user4,2025-09-15 19:06:57.008586,fileB.txt,read
user2,2025-09-17 22:37:57.008595,fileC.doc,delete
user1,2025-09-18 13:42:57.008603,fileB.txt,delete
user1,2025-09-20 06:55:57.008612,fileC.doc,write
user3,2025-09-18 13:04:57.008620,fileC.doc,delete
user4,2025-09-16 22:44:57.008634,fileC.doc,read
user1,2025-09-16 04:00:57.008642,fileC.doc,delete
user3,2025-09-17 10:30:57.008651,fileB.txt,delete
user1,2025-09-18 13:45:57.008659,fileB.txt,read
user1,2025-09-17 09:42:57.008668,fileB.txt,read
user2,2025-09-15 12:58:57.008676,fileC.doc,read
user1,2025-09-19 12:55:57.008685,fileB.txt,delete
user1,2025-09-19 11:38:57.008693,fileC.doc,delete
user4,2025-09-19 01:03:57.008702,fileC.doc,write
user4,2025-09-20 18:12:57.008710,fileB.txt,write
user3,2025-09-21 09:35:57.008719,fileA.txt,read
user4,2025-09-19 20:04:57.008728,fileB.txt,read
user1,2025-09-19 16:24:57.008740,fileA.txt,delete
user3,2025-09-19 17:31:57.008748,fileC.doc,delete
user2,2025-09-19 05:36:57.008757,fileB.txt,delete
user4,2025-09-16 19:30:57.008765,fileC.doc,delete
user4,2025-09-16 16:50:57.008774,fileA.txt,delete
user4,2025-09-16 17:48:57.008782,fileC.doc,write
user2,2025-09-18 16:37:57.008790,fileC.doc,read
user2,2025-09-19 02:02:57.008804,fileA.txt,delete
user2,2025-09-17 12:49:57.008812,fileC.doc,delete
user3,2025-09-19 04:59:57.008821,fileC.doc,write
user3,2025-09-15 00:27:57.008837,fileB.txt,read
user2,2025-09-21 07:34:57.008850,fileA.txt,delete
user3,2025-09-19 05:59:57.008860,fileA.txt,write
user2,2025-09-15 00:40:57.008918,fileB.txt,read
user4,2025-09-20 08:30:57.008994,fileB.txt,read
user4,2025-09-18 03:02:57.009042,fileC.doc,delete
user1,2025-09-21 22:03:57.009051,fileB.txt,write
user2,2025-09-17 04:10:57.009060,fileC.doc,write
user1,2025-09-16 03:39:57.009068,fileC.doc,read
user1,2025-09-15 14:12:57.009077,fileC.doc,read
user2,2025-09-19 01:17:57.009086,fileC.doc,delete
user1,2025-09-17 05:51:57.009101,fileA.txt,write
user1,2025-09-19 21:48:57.009115,fileB.txt,delete
user1,2025-09-18 04:16:57.009126,fileC.doc,read
user1,2025-09-16 00:05:57.009139,fileA.txt,delete
user1,2025-09-18 18:01:57.009163,fileC.doc,delete
user3,2025-09-18 02:06:57.009175,fileB.txt,read
user2,2025-09-20 05:42:57.009190,fileB.txt,read
user3,2025-09-20 17:46:57.009197,fileB.txt,write
user3,2025-09-20 15:49:57.009209,fileC.doc,read
user4,2025-09-16 05:01:57.009220,fileA.txt,delete
user1,2025-09-16 18:12:57.009229,fileC.doc,read
user4,2025-09-18 07:13:57.009237,fileB.txt,write
user3,2025-09-19 06:34:57.009245,fileA.txt,delete
user3,2025-09-17 04:59:57.009253,fileB.txt,write
user1,2025-09-16 02:47:57.009261,fileA.txt,delete
user1,2025-09-15 06:37:57.009269,fileB.txt,write
user1,2025-09-17 10:56:57.009277,fileA.txt,write
user2,2025-09-15 13:16:57.009285,fileA.txt,read
user4,2025-09-19 03:24:57.009297,fileC.doc,delete
user1,2025-09-17 02:22:57.009306,fileC.doc,read
user3,2025-09-16 16:21:57.009314,fileA.txt,delete
user1,2025-09-17 20:32:57.009324,fileB.txt,read
user2,2025-09-21 20:01:57.009333,fileC.doc,read
user4,2025-09-16 17:44:57.009340,fileA.txt,read
user4,2025-09-19 17:39:57.009348,fileA.txt,read
user3,2025-09-20 14:49:57.009355,fileA.txt,write
user4,2025-09-16 06:01:57.009363,fileA.txt,write
user3,2025-09-17 20:02:57.009372,fileC.doc,read
user1,2025-09-19 21:40:57.009379,fileC.doc,read
user2,2025-09-21 17:47:57.009387,fileA.txt,delete
user2,2025-09-19 02:12:57.009395,fileC.doc,write
user4,2025-09-20 23:07:57.009402,fileB.txt,write
user1,2025-09-15 17:35:57.009409,fileC.doc,read
user1,2025-09-19 04:53:57.009418,fileC.doc,write
user3,2025-09-15 10:02:57.009428,fileB.txt,write
user3,2025-09-15 14:20:57.009436,fileC.doc,write
user4,2025-09-15 08:36:57.009525,fileA.txt,read
user4,2025-09-19 13:13:57.009551,fileC.doc,delete
user1,2025-09-15 16:09:57.009567,fileA.txt,write
user3,2025-09-15 11:18:57.009577,fileA.txt,delete
user1,2025-09-21 02:41:57.009586,fileB.txt,read
user3,2025-09-20 18:06:57.009595,fileA.txt,write
user4,2025-09-20 14:07:57.009604,fileB.txt,delete
user2,2025-09-21 04:04:57.009613,fileC.doc,read
user3,2025-09-18 19:51:57.009622,fileB.txt,delete
user3,2025-09-18 07:19:57.009631,fileA.txt,write
user4,2025-09-18 09:05:57.009639,fileA.txt,write
user1,2025-09-18 04:12:57.009645,fileA.txt,read
user1,2025-09-19 12:49:57.009778,fileB.txt,delete
user3,2025-09-20 09:23:57.009803,fileB.txt,delete
user4,2025-09-20 12:15:57.009813,fileC.doc,read
user3,2025-09-17 04:21:57.009822,fileC.doc,delete
user2,2025-09-19 13:40:57.009830,fileC.doc,read
user3,2025-09-21 14:17:57.009839,fileB.txt,delete
user4,2025-09-16 01:14:57.009847,fileB.txt,read
user1,2025-09-19 13:49:57.009856,fileB.txt,read
user3,2025-09-15 20:21:57.009865,fileC.doc,write
user2,2025-09-16 12:44:57.009874,fileC.doc,delete
user2,2025-09-20 20:19:57.009882,fileC.doc,read
user3,2025-09-17 19:11:57.009890,fileB.txt,read
user4,2025-09-17 19:02:57.009899,fileC.doc,write
user2,2025-09-15 19:54:57.009908,fileA.txt,write
user3,2025-09-19 09:14:57.009917,fileA.txt,write
user1,2025-09-20 05:01:57.009925,fileB.txt,delete
user4,2025-09-21 10:45:57.009934,fileA.txt,write
user2,2025-09-16 19:27:57.009943,fileA.txt,delete
user4,2025-09-18 02:32:57.009952,fileA.txt,delete
user1,2025-09-19 19:07:57.009960,fileC.doc,write
user2,2025-09-21 13:50:57.009969,fileB.txt,delete
user3,2025-09-17 15:06:57.009976,fileB.txt,delete
user4,2025-09-15 23:19:57.009984,fileB.txt,read
user3,2025-09-15 05:24:57.009992,fileB.txt,read
user1,2025-09-19 02:11:57.010010,fileA.txt,delete
user2,2025-09-19 07:08:57.010019,fileA.txt,read
user2,2025-09-19 15:23:57.010027,fileB.txt,write
user1,2025-09-18 15:22:57.010034,fileC.doc,delete
user4,2025-09-20 14:32:57.010041,fileC.doc,delete
user1,2025-09-19 17:06:57.010053,fileA.txt,read
user2,2025-09-19 11:00:57.010061,fileB.txt,write
user4,2025-09-16 02:25:57.010075,fileC.doc,read
user4,2025-09-17 21:27:57.010083,fileA.txt,read
user2,2025-09-15 12:13:57.010096,fileB.txt,write
user4,2025-09-16 12:32:57.010105,fileC.doc,write
user1,2025-09-21 08:00:57.010113,fileA.txt,read
user2,2025-09-15 09:54:57.010121,fileB.txt,delete
user3,2025-09-15 08:46:57.010128,fileC.doc,write
user2,2025-09-16 21:34:57.010149,fileB.txt,read
user3,2025-09-18 23:44:57.010169,fileB.txt,delete
user4,2025-09-18 15:18:57.010178,fileB.txt,write
user3,2025-09-16 17:17:57.010191,fileB.txt,read
user4,2025-09-21 17:08:57.010200,fileB.txt,delete
user2,2025-09-20 04:30:57.010209,fileA.txt,delete
user4,2025-09-16 05:23:57.010218,fileB.txt,write
user2,2025-09-21 13:18:57.010227,fileA.txt,read
user2,2025-09-20 13:19:57.010236,fileC.doc,write
user1,2025-09-18 00:12:57.010245,fileC.doc,read
user1,2025-09-20 08:09:57.010254,fileA.txt,delete
user4,2025-09-19 09:49:57.010262,fileC.doc,delete
user1,2025-09-20 21:08:57.010271,fileB.txt,delete
user1,2025-09-18 15:42:57.010280,fileA.txt,read
user3,2025-09-17 15:36:57.010288,fileC.doc,delete
user2,2025-09-16 19:22:57.010298,fileA.txt,delete
user1,2025-09-15 00:29:57.010307,fileC.doc,write
user4,2025-09-20 21:08:57.010316,fileB.txt,write
user3,2025-09-20 23:19:57.010325,fileC.doc,write
user2,2025-09-15 14:21:57.010333,fileB.txt,delete
user3,2025-09-18 12:33:57.010341,fileC.doc,read
user3,2025-09-17 00:23:57.010351,fileC.doc,read
user2,2025-09-18 21:17:57.010360,fileB.txt,read
user3,2025-09-18 23:06:57.010381,fileA.txt,delete
user1,2025-09-15 08:15:57.010392,fileB.txt,write
user2,2025-09-19 02:11:57.010407,fileA.txt,write
user3,2025-09-20 06:31:57.010423,fileC.doc,write
user4,2025-09-19 18:05:57.010451,fileA.txt,read
user1,2025-09-16 00:32:57.010463,fileA.txt,read
user2,2025-09-15 02:14:57.010472,fileA.txt,delete
user1,2025-09-19 18:18:57.010480,fileA.txt,write
user3,2025-09-18 12:38:57.010489,fileC.doc,read
user2,2025-09-21 03:33:57.010500,fileA.txt,write
user3,2025-09-21 15:29:57.010509,fileB.txt,delete
user4,2025-09-18 03:55:57.010528,fileB.txt,read
user2,2025-09-19 22:02:57.010538,fileA.txt,write
user4,2025-09-17 12:41:57.010547,fileC.doc,read
user1,2025-09-17 05:01:57.010554,fileA.txt,write
user3,2025-09-20 06:38:57.010562,fileA.txt,delete
user3,2025-09-18 08:10:57.010569,fileB.txt,read
user1,2025-09-18 13:03:57.010578,fileB.txt,delete
user2,2025-09-20 12:30:57.010586,fileA.txt,delete
user4,2025-09-18 07:35:57.010595,fileA.txt,read
user4,2025-09-19 11:18:57.010602,fileC.doc,write
user3,2025-09-16 15:39:57.010609,fileC.doc,write
user4,2025-09-20 03:03:57.010616,fileB.txt,delete
user4,2025-09-17 02:15:57.010622,fileC.doc,write
user4,2025-09-16 14:42:57.010629,fileA.txt,write
user1,2025-09-14 23:56:57.010635,fileB.txt,write
user2,2025-09-18 12:56:57.010642,fileB.txt,write
user2,2025-09-15 11:30:57.010656,fileB.txt,read
user4,2025-09-19 04:00:57.010662,fileA.txt,delete
user1,2025-09-15 06:04:57.010669,fileC.doc,read
user3,2025-09-18 21:42:57.010675,fileC.doc,write
user2,2025-09-18 09:56:57.010682,fileC.doc,delete
user3,2025-09-15 02:31:57.010689,fileB.txt,write
user4,2025-09-18 16:42:57.010695,fileA.txt,delete
user2,2025-09-20 15:05:57.010701,fileC.doc,write
user2,2025-09-18 11:25:57.010708,fileB.txt,delete
user2,2025-09-15 11:22:57.010717,fileB.txt,delete
user3,2025-09-18 00:58:57.010724,fileA.txt,read
user4,2025-09-19 11:42:57.010730,fileC.doc,read
user1,2025-09-21 10:13:57.010737,fileA.txt,delete
user1,2025-09-21 18:56:57.010743,fileC.doc,read
user2,2025-09-20 12:40:57.010750,fileB.txt,read
user3,2025-09-20 09:32:57.010757,fileA.txt,read
user3,2025-09-16 19:44:57.010763,fileC.doc,write
user2,2025-09-18 18:20:57.010769,fileC.doc,read
user2,2025-09-20 06:57:57.010776,fileB.txt,write
user2,2025-09-17 22:05:57.010783,fileB.txt,delete
user2,2025-09-20 11:24:57.010789,fileB.txt,write
user2,2025-09-14 23:59:57.010796,fileB.txt,read
user1,2025-09-20 11:19:57.010802,fileA.txt,write
user3,2025-09-17 07:29:57.010809,fileB.txt,delete
user4,2025-09-15 12:05:57.010816,fileB.txt,read
user1,2025-09-21 03:08:57.010823,fileC.doc,read
user3,2025-09-15 18:31:57.010831,fileA.txt,read
user3,2025-09-17 21:04:57.010842,fileC.doc,write
user4,2025-09-16 13:04:57.010850,fileA.txt,delete
user4,2025-09-15 15:07:57.010858,fileA.txt,read
user4,2025-09-19 18:31:57.010867,fileB.txt,delete
user1,2025-09-21 20:08:57.010875,fileA.txt,read
user4,2025-09-18 10:16:57.010883,fileA.txt,read
user2,2025-09-18 06:34:57.010890,fileC.doc,delete
user1,2025-09-20 06:20:57.010896,fileB.txt,delete
user1,2025-09-15 10:04:57.010903,fileB.txt,delete
user1,2025-09-17 23:48:57.010909,fileA.txt,read
user2,2025-09-17 06:34:57.010915,fileB.txt,read
user4,2025-09-20 12:37:57.010932,fileA.txt,delete
user1,2025-09-15 15:01:57.010948,fileB.txt,delete
user4,2025-09-19 06:22:57.010962,fileC.doc,write
user1,2025-09-17 08:46:57.010970,fileC.doc,delete
user1,2025-09-17 12:49:57.010978,fileC.doc,write
user3,2025-09-17 01:46:57.010985,fileA.txt,write
user2,2025-09-20 09:04:57.010991,fileA.txt,read
user2,2025-09-16 22:35:57.010998,fileA.txt,delete
user1,2025-09-20 09:22:57.011004,fileC.doc,write
user2,2025-09-17 14:46:57.011011,fileA.txt,write
user4,2025-09-19 13:12:57.011017,fileC.doc,write
user4,2025-09-17 02:44:57.011024,fileB.txt,read
user2,2025-09-19 07:33:57.011031,fileC.doc,write
user3,2025-09-16 19:18:57.011038,fileA.txt,delete
user4,2025-09-20 07:04:57.011044,fileC.doc,delete
user1,2025-09-20 16:51:57.011051,fileA.txt,read
user3,2025-09-21 07:03:57.011057,fileB.txt,delete
user1,2025-09-17 00:15:57.011075,fileA.txt,write
user4,2025-09-21 14:18:57.011081,fileA.txt,write
user1,2025-09-15 04:59:57.011088,fileA.txt,read
user1,2025-09-18 21:15:57.011094,fileB.txt,read
user1,2025-09-15 01:43:57.011100,fileA.txt,read
user3,2025-09-19 23:22:57.011107,fileB.txt,read
user3,2025-09-18 18:39:57.011113,fileB.txt,delete
user1,2025-09-15 13:37:57.011120,fileA.txt,delete
user3,2025-09-19 22:29:57.011129,fileA.txt,delete
user1,2025-09-17 11:30:57.011136,fileB.txt,write
user4,2025-09-19 19:02:57.011143,fileC.doc,write
user3,2025-09-21 02:20:57.011150,fileB.txt,read
user4,2025-09-21 05:49:57.011156,fileC.doc,read
user4,2025-09-15 04:42:57.011162,fileC.doc,write
user2,2025-09-20 13:31:57.011169,fileB.txt,read
user3,2025-09-21 12:25:57.011175,fileA.txt,delete
user2,2025-09-19 06:23:57.011181,fileB.txt,delete
user2,2025-09-17 08:17:57.011190,fileB.txt,read
user4,2025-09-18 06:53:57.011197,fileC.doc,delete
user2,2025-09-18 01:23:57.011204,fileB.txt,delete
user4,2025-09-17 04:25:57.011210,fileA.txt,read
user1,2025-09-18 22:31:57.011216,fileA.txt,read
user1,2025-09-16 10:39:57.011222,fileA.txt,write
user1,2025-09-16 06:05:57.011228,fileA.txt,write
user1,2025-09-20 12:41:57.011235,fileB.txt,delete
user2,2025-09-15 22:41:57.011243,fileC.doc,delete
user1,2025-09-17 06:10:57.011249,fileC.doc,read
